100,Rebeca,Mich,Rebeca.Mich@yopmail.com,Rebeca.Mich@gmail.com,police officer
101,Aili,Bates,Aili.Bates@yopmail.com,Aili.Bates@gmail.com,developer
102,Amii,Valerio,Amii.Valerio@yopmail.com,Amii.Valerio@gmail.com,police officer
103,Caressa,Astra,Caressa.Astra@yopmail.com,Caressa.Astra@gmail.com,firefighter
104,Tamqrah,Longfellow,Tamqrah.Longfellow@yopmail.com,Tamqrah.Longfellow@gmail.com,worker
105,Tracey,Lilybelle,Tracey.Lilybelle@yopmail.com,Tracey.Lilybelle@gmail.com,worker
106,Bertine,Fiann,Bertine.Fiann@yopmail.com,Bertine.Fiann@gmail.com,police officer
107,Mellicent,Payson,Mellicent.Payson@yopmail.com,Mellicent.Payson@gmail.com,developer
108,Ginnie,Idelia,Ginnie.Idelia@yopmail.com,Ginnie.Idelia@gmail.com,firefighter
109,Beatriz,Love,Beatriz.Love@yopmail.com,Beatriz.Love@gmail.com,developer
110,Janenna,Khorma,Janenna.Khorma@yopmail.com,Janenna.Khorma@gmail.com,developer
111,Camile,Edmund,Camile.Edmund@yopmail.com,Camile.Edmund@gmail.com,developer
112,Dolli,Wadell,Dolli.Wadell@yopmail.com,Dolli.Wadell@gmail.com,developer
113,Viki,Willie,Viki.Willie@yopmail.com,Viki.Willie@gmail.com,police officer
114,Alie,Freddi,Alie.Freddi@yopmail.com,Alie.Freddi@gmail.com,doctor
115,Korrie,Primalia,Korrie.Primalia@yopmail.com,Korrie.Primalia@gmail.com,doctor
116,Belinda,Schwejda,Belinda.Schwejda@yopmail.com,Belinda.Schwejda@gmail.com,firefighter
117,Nanete,Dominy,Nanete.Dominy@yopmail.com,Nanete.Dominy@gmail.com,police officer
118,Gilda,Ariella,Gilda.Ariella@yopmail.com,Gilda.Ariella@gmail.com,developer
119,Chloris,Millda,Chloris.Millda@yopmail.com,Chloris.Millda@gmail.com,police officer
120,Madelle,Sherfield,Madelle.Sherfield@yopmail.com,Madelle.Sherfield@gmail.com,worker
121,Melodie,Azeria,Melodie.Azeria@yopmail.com,Melodie.Azeria@gmail.com,developer
122,Gavrielle,Vary,Gavrielle.Vary@yopmail.com,Gavrielle.Vary@gmail.com,firefighter
123,Fayre,Konyn,Fayre.Konyn@yopmail.com,Fayre.Konyn@gmail.com,worker
124,Dorthy,Rozanna,Dorthy.Rozanna@yopmail.com,Dorthy.Rozanna@gmail.com,firefighter
125,Britni,Vins,Britni.Vins@yopmail.com,Britni.Vins@gmail.com,developer
126,Beatriz,Yam,Beatriz.Yam@yopmail.com,Beatriz.Yam@gmail.com,worker
127,Chrystel,Rossner,Chrystel.Rossner@yopmail.com,Chrystel.Rossner@gmail.com,police officer
128,Debee,Madox,Debee.Madox@yopmail.com,Debee.Madox@gmail.com,firefighter
129,Selia,Ranjiv,Selia.Ranjiv@yopmail.com,Selia.Ranjiv@gmail.com,doctor
130,Dari,Durante,Dari.Durante@yopmail.com,Dari.Durante@gmail.com,police officer
131,Marleah,Magnolia,Marleah.Magnolia@yopmail.com,Marleah.Magnolia@gmail.com,worker
132,Nananne,Flita,Nananne.Flita@yopmail.com,Nananne.Flita@gmail.com,developer
133,Suzette,Eno,Suzette.Eno@yopmail.com,Suzette.Eno@gmail.com,doctor
134,Katuscha,Daveta,Katuscha.Daveta@yopmail.com,Katuscha.Daveta@gmail.com,developer
135,Melanie,Guthrie,Melanie.Guthrie@yopmail.com,Melanie.Guthrie@gmail.com,police officer
136,Wilma,Kevon,Wilma.Kevon@yopmail.com,Wilma.Kevon@gmail.com,doctor
137,Felice,Eiser,Felice.Eiser@yopmail.com,Felice.Eiser@gmail.com,doctor
138,Josephine,Lipson,Josephine.Lipson@yopmail.com,Josephine.Lipson@gmail.com,worker
139,Myrtice,Bari,Myrtice.Bari@yopmail.com,Myrtice.Bari@gmail.com,doctor
140,Nariko,Arne,Nariko.Arne@yopmail.com,Nariko.Arne@gmail.com,firefighter
141,Dede,Turne,Dede.Turne@yopmail.com,Dede.Turne@gmail.com,police officer
142,Vinita,Iiette,Vinita.Iiette@yopmail.com,Vinita.Iiette@gmail.com,police officer
143,Alleen,Bahr,Alleen.Bahr@yopmail.com,Alleen.Bahr@gmail.com,firefighter
144,Moyna,Carlson,Moyna.Carlson@yopmail.com,Moyna.Carlson@gmail.com,worker
145,Blinni,Emerson,Blinni.Emerson@yopmail.com,Blinni.Emerson@gmail.com,developer
146,Monika,Viddah,Monika.Viddah@yopmail.com,Monika.Viddah@gmail.com,police officer
147,Rani,Maribeth,Rani.Maribeth@yopmail.com,Rani.Maribeth@gmail.com,worker
148,Ellette,Gemini,Ellette.Gemini@yopmail.com,Ellette.Gemini@gmail.com,doctor
149,Kimberley,Wallis,Kimberley.Wallis@yopmail.com,Kimberley.Wallis@gmail.com,police officer